/*
Navicat MySQL Data Transfer

Source Server         : mysql
Source Server Version : 50150
Source Host           : localhost:3306
Source Database       : db_cityinfo

Target Server Type    : MYSQL
Target Server Version : 50150
File Encoding         : 65001

Date: 2013-12-22 23:22:32
*/
DROP DATABASE IF EXISTS `db_cityinfo`;
CREATE DATABASE `db_cityinfo` /*!40100 DEFAULT CHARACTER SET gb2312 */;
USE `db_cityinfo`;

SET FOREIGN_KEY_CHECKS=0;
-- ----------------------------
-- Table structure for `tb_info`
-- ----------------------------
DROP TABLE IF EXISTS `tb_info`;
CREATE TABLE `tb_info` (
  `id` int(11) NOT NULL AUTO_INCREMENT,
  `info_type` int(11) DEFAULT NULL,
  `info_title` varchar(80) DEFAULT NULL,
  `info_content` varchar(1000) DEFAULT NULL,
  `info_linkman` varchar(50) DEFAULT NULL,
  `info_phone` varchar(50) DEFAULT NULL,
  `info_email` varchar(100) DEFAULT NULL,
  `info_date` datetime DEFAULT NULL,
  `info_state` varchar(1) DEFAULT NULL,
  `info_payfor` varchar(1) DEFAULT NULL,
  PRIMARY KEY (`id`),
  KEY `FK_tb_info_tb_type` (`info_type`),
  CONSTRAINT `FK_tb_info_tb_type` FOREIGN KEY (`info_type`) REFERENCES `tb_type` (`type_sign`)
) ENGINE=InnoDB AUTO_INCREMENT=146 DEFAULT CHARSET=gb2312;

-- ----------------------------
-- Records of tb_info
-- ----------------------------
INSERT INTO tb_info VALUES ('111', '1', '招聘信息标题', '招聘信息内容', '明明', '13255******', '888@8*.com', '2007-12-26 11:16:14', '1', '1');
INSERT INTO tb_info VALUES ('112', '2', '培训信息标题', '增训信息内容', '明明', '13255******', '888@8*.com', '2007-12-26 11:17:10', '1', '1');
INSERT INTO tb_info VALUES ('113', '3', '房屋信息标题', '房屋信息内容', '明明', '13255******', '888@8*.com', '2007-12-26 11:17:40', '1', '1');
INSERT INTO tb_info VALUES ('114', '4', '求购信息标题', '求购信息内容', '芳芳', '13255******', '888@89*.com', '2007-12-26 11:47:46', '1', '1');
INSERT INTO tb_info VALUES ('115', '5', '招商引资标题', '招商引资内容', '芳芳', '13255******', '888@89*.com', '2007-12-26 11:51:54', '1', '1');
INSERT INTO tb_info VALUES ('116', '6', '公寓信息标题', '公寓信息内容', '芳芳', '13255******', '888@89*.com', '2007-12-26 11:52:36', '1', '1');
INSERT INTO tb_info VALUES ('117', '7', '求职信息标题', '求职信息内容', '芳芳', '13255******', '888@89*.com', '2007-12-26 11:53:03', '1', '1');
INSERT INTO tb_info VALUES ('118', '8', '家教信息标题', '家教信息内容', '芳芳', '13255******', '888@89*.com', '2007-12-26 11:53:40', '1', '1');
INSERT INTO tb_info VALUES ('119', '9', '车辆信息标题', '车辆信息内容', '芳芳', '13255******', '888@89*.com', '2007-12-26 11:54:05', '1', '1');
INSERT INTO tb_info VALUES ('120', '10', '出售信息标题', '出售信息内容', '芳芳', '13255******', '888@89*.com', '2007-12-26 11:54:41', '1', '1');
INSERT INTO tb_info VALUES ('121', '11', '寻找启示标题', '寻找启示内容', '芳芳', '13255******', '888@89*.com', '2007-12-26 11:55:09', '1', '1');
INSERT INTO tb_info VALUES ('123', '2', '发布培训信息标题', '发布培训信息标题', '小免', '111111******', '44@1*.com', '2007-12-26 13:37:47', '1', '0');
INSERT INTO tb_info VALUES ('124', '3', '发布屋信息标题', '发布房屋信息内容', '小免', '0431-111*****●0431-111******', '44@1*.com', '2007-12-26 13:44:31', '1', '0');
INSERT INTO tb_info VALUES ('125', '4', '发布求购信息标题', '发布求购信息标题', '小免', '0431-111******●0431-22******', '44@1*.com', '2007-12-26 13:45:22', '1', '0');
INSERT INTO tb_info VALUES ('126', '5', '发布招商引资标题', '发布招商引资标题', '小免', '11111******', '44@1*.com', '2007-12-26 13:46:17', '1', '0');
INSERT INTO tb_info VALUES ('127', '6', '发布公寓信息标题', '发布公寓信息标题', '小免', '11111******●2222*******', '44@1*.com', '2007-12-26 13:46:58', '1', '0');
INSERT INTO tb_info VALUES ('128', '7', '发布求职信息标题', '发布求职信息标题', '小免', '11111******●22222******', '44@1*.com', '2007-12-26 13:47:34', '1', '0');
INSERT INTO tb_info VALUES ('130', '8', '发布家教信息标题', '发布家教信息标题', '小免', '11111******', '44@1*.com', '2007-12-26 13:48:51', '1', '0');
INSERT INTO tb_info VALUES ('131', '9', '发布车辆信息标题', '发布车辆信息标题', '小免', '11111******', '44@1*.com', '2007-12-26 13:49:13', '1', '0');
INSERT INTO tb_info VALUES ('132', '10', '发布出售信息标题', '发布出售信息标题', '小免', '11111******', '44@1*.com', '2007-12-26 13:49:44', '1', '0');
INSERT INTO tb_info VALUES ('133', '11', '发布寻找启示标题', '发布寻找启示标题', '小免', '11111******', '44@1*.com', '2007-12-26 13:56:49', '1', '0');
INSERT INTO tb_info VALUES ('134', '1', '发布招聘信息标题', '发布招聘信息标题', '小免', '11111******', '44@1*.com', '2007-12-26 13:58:53', '1', '0');
INSERT INTO tb_info VALUES ('135', '1', '招聘啦', '招聘啦招聘啦招聘啦招聘啦招聘啦招聘啦招聘啦招聘啦招聘啦招聘啦招聘啦招聘啦招聘啦招聘啦招聘啦招聘啦招聘啦招聘啦招聘啦招聘啦招聘啦招聘啦招聘啦招聘啦招聘啦招聘啦招聘啦招聘啦招聘啦招聘啦招聘啦招聘啦招聘啦招聘啦招聘啦招聘啦招聘啦招聘啦招聘啦招聘啦招聘啦招聘啦招聘啦招聘啦招聘啦招聘啦', '王女士', '11111111111', '88@88.com', '2011-05-10 09:49:27', '1', '0');
INSERT INTO tb_info VALUES ('136', '2', '免费培训喽', '免费培训喽免费培训喽免费培训喽免费培训喽免费培训喽免费培训喽免费培训喽免费培训喽免费培训喽免费培训喽免费培训喽免费培训喽免费培训喽免费培训喽免费培训喽免费培训喽免费培训喽免费培训喽免费培训喽免费培训喽免费培训喽免费培训喽免费培训喽免费培训喽免费培训喽免费培训喽免费培训喽免费培训喽免费培训喽免费培训喽免费培训喽免费培训喽免费培训喽免费培训喽免费培训喽', '王小姐', '11111111111', '88@88.com', '2011-05-10 10:18:02', '1', '0');
INSERT INTO tb_info VALUES ('137', '3', '有新房屋信息', '房屋信息房屋信息房屋信息房屋信息房屋信息房屋信息房屋信息房屋信息房屋信息房屋信息房屋信息房屋信息房屋信息房屋信息房屋信息房屋信息房屋信息房屋信息房屋信息房屋信息房屋信息房屋信息房屋信息房屋信息房屋信息房屋信息房屋信息房屋信息房屋信息房屋信息房屋信息房屋信息房屋信息房屋信息房屋信息房屋信息房屋信息房屋信息房屋信息房屋信息房屋信息房屋信息房屋信息', '王小姐', '11111111111', '88@88.com', '2011-05-10 10:18:42', '1', '1');
INSERT INTO tb_info VALUES ('138', '4', '新求购信息', '新求购信息新求购信息新求购信息新求购信息新求购信息新求购信息新求购信息新求购信息新求购信息新求购信息新求购信息新求购信息新求购信息新求购信息新求购信息新求购信息新求购信息新求购信息新求购信息新求购信息新求购信息新求购信息新求购信息新求购信息新求购信息新求购信息新求购信息新求购信息新求购信息新求购信息新求购信息新求购信息新求购信息新求购信息新求购信息新求购信息新求购信息新求购信息新求购信息新求购信息新求购信息新求购信息新求购信息新求购信息新求购信息新求购信息新求购信息', '王小姐', '11111111111', '88@88.com', '2011-05-10 10:20:00', '1', '0');
INSERT INTO tb_info VALUES ('139', '5', '新招商引资', '新招商引资新招商引资新招商引资新招商引资新招商引资新招商引资新招商引资新招商引资新招商引资新招商引资新招商引资新招商引资新招商引资新招商引资新招商引资新招商引资新招商引资新招商引资新招商引资新招商引资新招商引资新招商引资新招商引资新招商引资新招商引资新招商引资新招商引资新招商引资新招商引资新招商引资新招商引资新招商引资新招商引资新招商引资新招商引资新招商引资新招商引资新招商引资新招商引资新招商引资新招商引资新招商引资新招商引资新招商引资新招商引资新招商引资新招商引资新招商引资新招商引资新招商引资新招商引资新招商引资新招商引资新招商引资新招商引资新招商引资新招商引资新招商引资', '王小姐', '11111111111', '88@88.com', '2011-05-10 10:23:47', '1', '0');
INSERT INTO tb_info VALUES ('140', '6', '新公寓信息', '新公寓信息新公寓信息新公寓信息新公寓信息新公寓信息新公寓信息新公寓信息新公寓信息新公寓信息新公寓信息新公寓信息新公寓信息新公寓信息新公寓信息新公寓信息新公寓信息新公寓信息新公寓信息新公寓信息新公寓信息新公寓信息新公寓信息新公寓信息新公寓信息新公寓信息新公寓信息新公寓信息新公寓信息新公寓信息新公寓信息新公寓信息新公寓信息新公寓信息新公寓信息新公寓信息新公寓信息新公寓信息新公寓信息新公寓信息新公寓信息新公寓信息新公寓信息新公寓信息新公寓信息新公寓信息新公寓信息', '王小姐', '11111111111', '88@88.com', '2011-05-10 10:24:22', '1', '0');
INSERT INTO tb_info VALUES ('141', '7', '新求职信息', '新求职信息新求职信息新求职信息新求职信息新求职信息新求职信息新求职信息新求职信息新求职信息新求职信息新求职信息新求职信息新求职信息新求职信息新求职信息新求职信息新求职信息新求职信息新求职信息新求职信息新求职信息新求职信息新求职信息新求职信息新求职信息新求职信息新求职信息新求职信息新求职信息新求职信息新求职信息新求职信息新求职信息新求职信息新求职信息新求职信息新求职信息新求职信息新求职信息新求职信息新求职信息新求职信息新求职信息新求职信息新求职信息新求职信息新求职信息新求职信息新求职信息新求职信息新求职信息新求职信息', '王小姐', '11111111111', '88@88.com', '2011-05-10 10:25:19', '1', '0');
INSERT INTO tb_info VALUES ('142', '8', '新家教信息', '新家教信息新家教信息新家教信息新家教信息新家教信息新家教信息新家教信息新家教信息新家教信息新家教信息新家教信息新家教信息新家教信息新家教信息新家教信息新家教信息新家教信息新家教信息新家教信息新家教信息新家教信息新家教信息新家教信息新家教信息新家教信息新家教信息新家教信息新家教信息新家教信息新家教信息新家教信息新家教信息新家教信息新家教信息新家教信息新家教信息新家教信息新家教信息新家教信息新家教信息新家教信息新家教信息新家教信息新家教信息', '王小姐', '11111111111', '88@88.com', '2011-05-10 10:25:47', '1', '0');
INSERT INTO tb_info VALUES ('143', '9', '新车辆信息', '新车辆信息新车辆信息新车辆信息新车辆信息新车辆信息新车辆信息新车辆信息新车辆信息新车辆信息新车辆信息新车辆信息新车辆信息新车辆信息新车辆信息新车辆信息新车辆信息新车辆信息新车辆信息新车辆信息新车辆信息新车辆信息新车辆信息新车辆信息新车辆信息新车辆信息新车辆信息新车辆信息新车辆信息新车辆信息新车辆信息新车辆信息新车辆信息新车辆信息新车辆信息新车辆信息新车辆信息新车辆信息新车辆信息新车辆信息新车辆信息新车辆信息新车辆信息新车辆信息新车辆信息新车辆信息新车辆信息新车辆信息新车辆信息新车辆信息新车辆信息新车辆信息新车辆信息新车辆信息', '王小姐', '11111111111', '88@88.com', '2011-05-10 10:26:21', '1', '0');
INSERT INTO tb_info VALUES ('144', '10', '新出售信息', '新出售信息新出售信息新出售信息新出售信息新出售信息新出售信息新出售信息新出售信息新出售信息新出售信息新出售信息新出售信息新出售信息新出售信息新出售信息新出售信息新出售信息新出售信息新出售信息新出售信息新出售信息新出售信息新出售信息新出售信息新出售信息新出售信息新出售信息新出售信息新出售信息新出售信息新出售信息新出售信息新出售信息新出售信息新出售信息新出售信息新出售信息新出售信息新出售信息新出售信息新出售信息新出售信息新出售信息新出售信息新出售信息新出售信息新出售信息新出售信息新出售信息新出售信息新出售信息', '王小姐', '11111111111', '88@88.com', '2011-05-10 10:27:17', '1', '0');
INSERT INTO tb_info VALUES ('145', '1', '招聘测试', '招聘测试', '123', '12345678989', '123@ya.com', '2013-12-22 23:19:50', '0', '0');

-- ----------------------------
-- Table structure for `tb_type`
-- ----------------------------
DROP TABLE IF EXISTS `tb_type`;
CREATE TABLE `tb_type` (
  `id` int(11) NOT NULL,
  `type_sign` int(11) NOT NULL AUTO_INCREMENT,
  `type_name` varchar(20) DEFAULT NULL,
  `type_intro` varchar(20) DEFAULT NULL,
  PRIMARY KEY (`type_sign`)
) ENGINE=InnoDB AUTO_INCREMENT=12 DEFAULT CHARSET=gb2312;

-- ----------------------------
-- Records of tb_type
-- ----------------------------
INSERT INTO tb_type VALUES ('1', '1', 'recruit', '招聘信息');
INSERT INTO tb_type VALUES ('2', '2', 'training', '培训信息');
INSERT INTO tb_type VALUES ('3', '3', 'house', '房屋信息');
INSERT INTO tb_type VALUES ('4', '4', 'buy', '求购信息');
INSERT INTO tb_type VALUES ('5', '5', 'invite', '招商引资');
INSERT INTO tb_type VALUES ('6', '6', 'apartment', '公寓信息');
INSERT INTO tb_type VALUES ('7', '7', 'apply', '求职信息');
INSERT INTO tb_type VALUES ('8', '8', 'tutor', '家教信息');
INSERT INTO tb_type VALUES ('9', '9', 'car', '车辆信息');
INSERT INTO tb_type VALUES ('10', '10', 'sale', '出售信息');
INSERT INTO tb_type VALUES ('11', '11', 'search', '寻找启示');

-- ----------------------------
-- Table structure for `tb_user`
-- ----------------------------
DROP TABLE IF EXISTS `tb_user`;
CREATE TABLE `tb_user` (
  `id` int(11) NOT NULL AUTO_INCREMENT,
  `user_name` varchar(20) DEFAULT NULL,
  `user_password` varchar(20) DEFAULT NULL,
  PRIMARY KEY (`id`)
) ENGINE=InnoDB AUTO_INCREMENT=5 DEFAULT CHARSET=gb2312;

-- ----------------------------
-- Records of tb_user
-- ----------------------------
INSERT INTO tb_user VALUES ('1', 'mr', 'mrsoft');
INSERT INTO tb_user VALUES ('2', 'yxq', '000');
INSERT INTO tb_user VALUES ('3', 'admin', '222');
INSERT INTO tb_user VALUES ('4', 'zaifu', 'zaifu');
